Country Name,2010,2011,2012,2013,2014,2015,2016,2017,2018,2019,2020,2021
Afghanistan,14289975734,16630409946,18511801827,18890016968,18885765416,18572571196,16826000217,17751891427,17143221811,17731939791,18585819843,13621070039
Albania,10224245606,10906001759,10216293757,10878878367,11106516465,9442334426,9972441814,10717903288,12442708488,12449979124,12266743274,14797555219
Algeria,1.24896E+11,1.50592E+11,1.61152E+11,1.61726E+11,1.63368E+11,1.3283E+11,1.33029E+11,1.37393E+11,1.34855E+11,1.34134E+11,1.18468E+11,1.25759E+11
American Samoa,,,,,,,,,,,,
Andorra,,,,,,,,,,,,
Angola,43671933105,59665657182,72141626387,83346229610,94702895520,66790173500,35196052952,45362409567,47156217467,42988475834,36803520680,42541367192
Antigua and Barbuda,,,,,,,,,,,,
Argentina,3.53653E+11,4.42536E+11,4.54254E+11,4.60396E+11,4.38031E+11,5.07309E+11,4.73644E+11,5.54002E+11,4.39587E+11,3.70478E+11,3.27236E+11,4.11983E+11
Armenia,8398953354,9080773851,9592549255,10304677648,10623316108,9466501710,9300728052,10354023834,10947568530,11908830642,10711840240,11228790134
Aruba,2058374499,2109879864,2227468289,2275254390,2394184991,2511924645,2518955856,2578785125,2634165034,2842228351,2235240729,2662868130
Australia,8.90848E+11,1.08043E+12,1.21864E+12,1.24595E+12,1.14404E+12,1.06011E+12,9.45325E+11,1.03459E+12,1.10348E+12,1.06738E+12,1.0269E+12,1.1741E+12
Austria,3.26359E+11,3.57696E+11,3.37036E+11,3.53558E+11,3.62928E+11,3.0951E+11,3.24971E+11,3.38194E+11,3.68224E+11,3.61524E+11,3.52355E+11,3.87622E+11
Azerbaijan,36581360221,43890807363,49216878725,53432888890,57703409570,43038971195,29559398425,31790612689,33942558299,36650198911,35635384008,40200481168
"Bahamas, The",9120437520,9107001115,9734570944,9482666080,9881180750,10367560246,10378762092,11077632310,11074680237,11709113686,8673477613,9868277249
Bahrain,16892485994,15938495266,21256658462,22029775606,22816232557,23408567787,25226027766,27150394797,27404746746,28052942596,25399568221,
Bangladesh,1.14093E+11,1.26961E+11,1.32382E+11,1.4863E+11,1.68853E+11,1.90332E+11,2.54207E+11,2.7768E+11,3.05778E+11,3.60627E+11,3.8346E+11,4.30455E+11
Barbados,3923132259,3831982058,3916883667,3974501015,3988496071,3991714767,4074036307,4208542041,4288439254,4465152429,4049711984,4164575079
Belarus,47583347699,51663370435,54185455633,61288999699,64649151125,45644199339,38402872606,44370032756,48509547432,52403178269,48784605777,54066826263
Belgium,3.958E+11,4.22401E+11,4.10355E+11,4.32606E+11,4.4309E+11,3.81065E+11,3.91257E+11,4.13387E+11,4.46189E+11,4.40489E+11,4.24635E+11,4.83643E+11
Belize,1252206978,1325150529,1407558302,1537304047,1628314625,1767906856,1788574891,1788055756,1780520260,1862752442,1651532601,1929542246
Benin,8188774225,9279577440,9757972934,11126080999,11865082942,10210946434,10603315192,11291335985,12668487223,12759759263,13830132732,15737769728
Bermuda,,,,,,,,,,,,
Bhutan,1263354079,1447530586,1436458311,1442587731,1565354045,1625361112,1716612584,1968936483,1989545058,2228561718,2098180792,2283956483
Bolivia,16115928224,19102796513,20739116435,23523611179,25885822545,27893798724,29272435209,31357085229,33455764585,34324896354,31346995787,31712478522
Bosnia and Herzegovina,15168863155,16092078643,14592410156,15507728910,15593049847,13651574238,14233488160,15210641701,16997318009,17078344260,16824320769,19531593962
Botswana,9479029570,12065564922,11368847186,11361951477,12115807623,10484405173,10642842932,11452607127,11818416044,12308111555,11619903782,13101223231
Brazil,1.71969E+12,2.00364E+12,1.84105E+12,1.87692E+12,1.8493E+12,1.34452E+12,1.33417E+12,1.56439E+12,1.43951E+12,1.41453E+12,1.12008E+12,1.21033E+12
British Virgin Islands,,,,,,,,,,,,
Brunei Darussalam,9771621479,12388260130,13413612463,13573483331,12953209542,10647352234,9959128433,10312062222,10319927818,10609129744,9913318194,10270331724
Bulgaria,41565271359,47089280810,45615948091,46656644414,47989312804,41775029209,44463745215,49326111760,54463867713,56961503393,57630359609,69565093348
Burkina Faso,8677201105,10009603005,10801582772,11617976782,11920920681,10198918189,11107091686,12200976921,13844982055,13686055031,14690120395,14738025608
Burundi,1257663840,1360997177,1602856397,1712881945,1898861569,2232109160,1803926237,1850167611,1934134751,1869995875,1892961449,1956913335
Cabo Verde,1385152924,1566212737,1471369160,1579428215,1565161656,1358100076,1417699655,1507460851,1697539500,1714070482,1461875786,1658457519
Cambodia,9974550238,11320120247,12313296564,13231818618,14371715202,15523898757,17198328017,18995802384,20928072143,22914939073,22263869156,22808826441
Cameroon,21818986588,23915383385,23348899792,26529433378,29222207040,26126342418,27569000248,29270129660,32480898290,32359713830,33694392977,37065481266
Canada,1.31529E+12,1.46347E+12,1.49352E+12,1.5104E+12,1.47434E+12,1.26266E+12,1.23927E+12,1.34874E+12,1.40239E+12,1.42144E+12,1.32922E+12,1.60555E+12
Cayman Islands,,,,,,,,,,,,
Central African Republic,1956957822,2180300867,2238529604,1420128232,1561591370,1414004962,1527290143,1805591274,1948787485,1943384235,1973088830,2133963401
Chad,7827225626,8589868176,8946993484,9414120028,10602456257,8459709990,7615864500,7129500557,8236581361,8276252442,7587932346,8355160089
Channel Islands,,,,,,,,,,,,
Chile,1.6233E+11,1.82125E+11,2.06151E+11,2.19136E+11,2.06732E+11,2.01607E+11,2.01329E+11,2.17107E+11,2.27546E+11,2.20029E+11,1.88297E+11,2.16294E+11
China,4.66492E+12,5.55859E+12,6.45984E+12,7.14308E+12,7.89287E+12,8.29671E+12,8.43566E+12,9.29732E+12,1.02848E+13,1.0516E+13,1.0598E+13,1.27329E+13
Colombia,2.29344E+11,2.5804E+11,2.89551E+11,3.0222E+11,3.06776E+11,2.47103E+11,2.40549E+11,2.62151E+11,2.76036E+11,2.69081E+11,2.33191E+11,2.62458E+11
Comoros,832950010,934921414.7,923387919.5,1015709608,1047896914,876930850.4,920866430.1,982786891.6,1096244070,1103957425,1122605544,1188775714
"Congo, Dem. Rep.",14590281842,16898682609,19253393488,21796564694,22928763745,25492178588,26892886053,27365971121,35879931421,41402372360,38115977928,32501996856
"Congo, Rep.",4671481925,4313451262,7148510731,9359125544,10582569517,7462515049,6067304277,4601505142,5682663573,4885911327,4395300328,6299969558
Costa Rica,34286836984,38850896565,43145964404,46374158063,47166941923,51139413620,53343372587,54100520236,55659376522,57459966626,55281082436,56532369848
Cote d'Ivoire,22618513885,22582385044,24422563752,28330452385,46466479800,43312710567,44717062439,47669715731,53492303165,54385585138,57024604629,64141668493
Croatia,47722089786,49987928547,45268731460,47695172173,47505694130,42022305888,42729714666,46809759931,51791465921,51791357757,47876177438,56452688748
Cuba,50145314665,58368849455,62116251531,65874791736,68926047636,74925815421,78385006061,82856190368,85169474842,88404557254,,
Curacao,,,,,,,,,,,,
Cyprus,22304095623,24997589248,21724664919,20423865009,19378425512,17093866473,17567581861,19490485911,21653877830,21532497305,20059802171,22227522576
Czechia,1.49077E+11,1.62137E+11,1.50665E+11,1.52582E+11,1.50353E+11,1.3608E+11,1.4243E+11,1.62256E+11,1.85505E+11,1.86455E+11,1.80197E+11,2.08474E+11
Denmark,2.66918E+11,2.86113E+11,2.72907E+11,2.91639E+11,3.0337E+11,2.60292E+11,2.68042E+11,2.83757E+11,3.06118E+11,2.96347E+11,3.04644E+11,3.44355E+11
Djibouti,905792589.6,1015804641,1117354985,1586766759,1866674018,2085118765,2156902295,2218600289,2451825114,2638372565,2742439520,3080405148
Dominica,415809527,406525709.2,396572253.1,399740066.2,428969515.1,445063829.5,480482604.8,452686396,477321052.1,515026502.6,437053319.7,472053855.9
Dominican Republic,49567929742,53219573897,55575112510,56447619101,60364395092,64844273924,68597038096,71762027829,76696510022,79201784818,69503723948,81914377873
Ecuador,52529830350,57804657801,65344061678,72200234598,77116284795,78963239413,78974082894,80819082075,79599885021,80158709241,75753567512,78171039767
"Egypt, Arab Rep.",1.86367E+11,1.95692E+11,2.37673E+11,2.46311E+11,2.63721E+11,2.97127E+11,3.00576E+11,2.07378E+11,2.15994E+11,2.61566E+11,3.24109E+11,3.53377E+11
El Salvador,16181878195,17994429085,18545690451,18734245499,19177294793,19824624009,20255430803,20688070305,21313885633,22200966540,20002937559,23213085150
Equatorial Guinea,2497127735,4834625235,5048084606,6414033564,6820270089,5588954926,4842453710,4475490551,4869805056,3935862767,3851081315,4765088217
Eritrea,1420136166,1455413450,,,,,,,,,,
Estonia,15022263280,18192460577,18224551545,20185636012,21396732401,18469479757,19569221534,21869761032,24925047862,25294350709,25437878242,29895880046
Eswatini,3348330552,3382387433,3300427854,3272468992,3175709072,2950018703,2748766382,3201495367,3509458795,3144319569,2816719821,3482722072
Ethiopia,22294529930,23258760583,31998806867,35448578251,42605775685,49659215180,58385906771,65359461545,70731968226,82027923371,92691294404,96072352512
Faroe Islands,,,,,,,,,,,,
Fiji,2755543307,3188678247,3335040622,3637203589,4013577986,3804874915,4051733590,4258676840,4511182596,4327564743,3616986133,3467195322
Finland,2.05396E+11,2.25176E+11,2.09582E+11,2.1995E+11,2.2474E+11,1.92298E+11,1.96715E+11,2.08427E+11,2.25387E+11,2.18984E+11,2.23423E+11,2.46111E+11
France,2.23673E+12,2.42999E+12,2.25828E+12,2.36788E+12,2.40279E+12,2.05692E+12,2.08204E+12,2.18599E+12,2.34791E+12,2.28415E+12,2.15702E+12,2.47271E+12
French Polynesia,,,,,,,,,,,,
Gabon,6399998634,7658355122,7617685278,8900028773,11032548275,9341818787,9221282537,9392194194,10277665655,10153886402,9909584145,10548966347
"Gambia, The",1216225063,1055568112,1037438006,1011544028,914077402.2,1018306625,1083014873,1108628009,1319553049,1426013120,1434283006,1607615266
Georgia,10276863402,12586125897,14039474148,14514873707,15022663538,12416573085,12150187537,13075896029,14398969484,14144523113,13028102734,15149562721
Germany,2.85271E+12,3.17598E+12,2.97254E+12,3.14085E+12,3.26817E+12,2.83097E+12,2.93686E+12,3.12116E+12,3.38708E+12,3.30029E+12,3.24686E+12,3.57597E+12
Ghana,26184963835,29976365278,30922113346,50641289397,41988434252,38995841410,44848951918,47030490370,53349589399,54482879880,59064018706,59884261177
Gibraltar,,,,,,,,,,,,
Greece,2.40687E+11,2.25083E+11,2.00005E+11,1.95666E+11,1.96042E+11,1.62793E+11,1.60598E+11,1.67199E+11,1.7706E+11,1.73208E+11,1.57855E+11,1.82452E+11
Greenland,,,,,,,,,,,,
Grenada,,,,,,,,,,,,
Guam,,,,,,,,,,,,
Guatemala,34479158283,39537192492,42449809892,45195787000,49174586532,53549541410,56360882846,60997082860,62858914184,66530789792,67054226186,73724408676
Guinea,5634084270,5510748121,6175644142,6527904200,6884845462,7078318096,6744862263,8267403381,9411133315,10875732300,10711711457,11717268332
Guinea-Bissau,667402441.1,897205120.6,764875681.9,784960528,833227270.5,812203403.9,932708435.3,1078084957,1235438031,1260681041,1231382388,1395970355
Guyana,2932205080,3091483771,3447283721,3597206691,3659276201,3873046275,3772290962,4103267486,4334632297,4710553073,4554729587,5116380908
Haiti,11307919571,12424718996,13080133524,14193197762,14474905993,14263278677,13244557184,14189148061,15620589397,13994089544,13673208283,19746452204
Honduras,13830153442,15759436507,16210971264,16175096884,17068841885,18441270584,18939541147,20477188994,20913806158,21898573172,21220622290,24740496571
"Hong Kong SAR, China",,,,,,,,,,,,
Hungary,1.01846E+11,1.09108E+11,99336150097,1.07129E+11,1.10363E+11,98263129324,1.03708E+11,1.13926E+11,1.28606E+11,1.33395E+11,1.25892E+11,1.437E+11
Iceland,,10238665075,10357251630,12660499215,14132668943,13982660975,16743162412,19998555597,20608359023,20726782364,17593663696,20192232160
India,1.4494E+12,1.56951E+12,1.57609E+12,1.60269E+12,1.7671E+12,1.8392E+12,1.99158E+12,2.32623E+12,2.36329E+12,2.47935E+12,2.29724E+12,2.69707E+12
Indonesia,5.66234E+11,6.59868E+11,6.89396E+11,6.88616E+11,6.7135E+11,6.63589E+11,7.36332E+11,7.85282E+11,7.89841E+11,8.39487E+11,8.06179E+11,8.82649E+11
"Iran, Islamic Rep.",4.06571E+11,5.22436E+11,5.27442E+11,3.95409E+11,3.66951E+11,3.24878E+11,3.71088E+11,3.85351E+11,2.38242E+11,2.13233E+11,1.81772E+11,2.63717E+11
Iraq,1.10252E+11,1.40037E+11,1.68366E+11,1.82193E+11,1.74463E+11,1.31644E+11,1.31988E+11,1.44188E+11,1.6824E+11,1.77767E+11,1.49132E+11,1.60735E+11
Ireland,1.54694E+11,1.61181E+11,1.49727E+11,1.65765E+11,1.80441E+11,1.60914E+11,1.71109E+11,1.83133E+11,2.02715E+11,2.08709E+11,1.99284E+11,2.49681E+11
Isle of Man,,,,,,,,,,,,
Israel,1.97218E+11,2.22604E+11,2.15124E+11,2.47449E+11,2.65483E+11,2.55274E+11,2.71443E+11,3.04537E+11,3.20425E+11,3.41552E+11,3.45576E+11,4.07604E+11
Italy,1.7554E+12,1.88091E+12,1.70062E+12,1.74338E+12,1.76658E+12,1.49006E+12,1.54912E+12,1.62649E+12,1.74605E+12,1.67308E+12,1.55645E+12,1.75516E+12
Jamaica,11615846097,12695036023,13366437704,12729201461,12433969229,12617329170,12366002304,13240977878,13911271154,14183306140,12402225278,13302280442
Japan,4.47673E+12,4.8646E+12,4.91379E+12,4.1279E+12,3.88739E+12,3.56075E+12,3.99911E+12,3.95322E+12,4.03113E+12,4.08819E+12,3.95114E+12,3.83581E+12
Jordan,24873719889,26958672173,28928339966,31763714545,33914318782,35475271836,36550861194,38928749592,40724060109,42516475726,41896497954,43544134322
Kazakhstan,95179461452,1.19688E+11,1.34824E+11,1.63332E+11,1.54128E+11,1.41739E+11,1.02341E+11,1.1995E+11,1.20756E+11,1.24245E+11,1.26958E+11,1.25621E+11
Kenya,33602347935,35405122401,42444026300,45843438028,50508231488,52755240542,62816973524,68347108990,77713133606,85831083413,85842420676,95240841983
Kiribati,215166405.8,237450576.8,272144147.9,288495013.8,321669146,337864889.1,304421703.9,345508343,351973077.6,359490191.2,322777772.8,359689526.7
"Korea, Dem. People's Rep.",,,,,,,,,,,,
"Korea, Rep.",9.38428E+11,1.0276E+12,1.04843E+12,1.1202E+12,1.2106E+12,1.19635E+12,1.22721E+12,1.32978E+12,1.40504E+12,1.33716E+12,1.31931E+12,1.45259E+12
Kosovo,,,,,,,,,,,,
Kuwait,1.03929E+11,1.317E+11,1.46201E+11,1.50837E+11,1.45514E+11,1.06646E+11,1.02938E+11,1.1791E+11,1.29708E+11,1.29183E+11,,
Kyrgyz Republic,3673209966,4541967184,5553613412,5598239531,5721254369,5058924142,5387624796,5946603837,6768419468,6423889939,6122247982,5963757454
Lao PDR,4929347018,6049699853,7520362723,9005963649,10211442555,11176611404,12348136493,12957711600,13926946477,14119009461,14168719586,13698049433
Latvia,18136251535,20520427410,20948737665,22729128695,23799294952,20674751442,21600405608,23632042537,26501666605,26483146825,26886528614,30602025360
Lebanon,31804848607,32446514358,35657223681,38060995378,38805488800,40518060273,41663834053,43756192945,43889389012,40398925324,24191280126,17307089418
Lesotho,2454119116,2550468409,2369381730,2243816053,2272235269,2221717709,1979283441,2166425760,2413721569,2330810140,2073575760,2346092294
Liberia,1100515985,1396330547,1439170064,1670470343,1587463824,1766498356,1769150398,1719492453,1913204251,1779130985,1689347250,1783546450
Libya,55495947937,41647853852,65418044352,57797465316,49358922228,43432275738,44469299617,58846532781,64611415552,58527187760,45053515007,33096515120
Liechtenstein,,,,,,,,,,,,
Lithuania,31525266454,36448149730,35893298337,39313460944,41546942348,34402653749,35778730613,39973488659,45383302057,45983380104,47815760849,55896758252
Luxembourg,32043330391,35685289064,39037926025,39341116046,42190108352,31743520644,34025585999,39389565966,42251475535,38530629916,41945173744,49784930446
"Macao SAR, China",,,,,,,,,,,,
Madagascar,8080948176,9387896471,9136108380,9952824530,10167160447,9027729504,9457470707,10877262140,11710167965,12018928346,11103281160,12500340516
Malawi,5490727175,6419495340,4579247457,4261246195,4673215312,5050420438,4418846375,7603110541,8630240624,9748765626,10877136149,11287506854
Malaysia,1.83598E+11,2.19227E+11,2.28452E+11,2.35906E+11,2.42251E+11,2.19218E+11,2.2015E+11,2.29287E+11,2.52387E+11,2.62142E+11,2.48137E+11,2.64144E+11
Maldives,1993083921,2181255462,2303143755,2586372716,2956002349,3319083069,3529846409,3845499713,4209758970,4423158732,3013379585,4329718253
Mali,8982161281,10794540190,9920099635,10911995463,12280373209,11230006152,11991429511,13224914093,14667827674,14642172530,14585745030,14504169501
Malta,,,,,,,,,,,,
Marshall Islands,,,,,,,,,,,,
Mauritania,4631672246,5566588660,5498149502,6068102674,5519299451,5362348343,5612029555,5965315418,6798011634,7298905586,7580647427,8391225495
Mauritius,8593924452,9719565014,9755570175,10454815709,11148021295,10348987079,10867266234,12107670968,13109513306,12993485281,10247727912,10343032087
Mexico,8.37005E+11,9.09918E+11,9.2312E+11,9.79078E+11,1.029E+12,9.30699E+11,8.50738E+11,9.09856E+11,9.49012E+11,9.89329E+11,8.28724E+11,9.50153E+11
"Micronesia, Fed. Sts.",288228169.2,300328138.2,321214863.2,322155169.8,325403951.9,356037214,365710322.6,393445403.5,387595595.9,432232050.4,426303344,417569529.9
Moldova,6657470285,8142332478,8704671168,9448149514,9375407929,7066335868,7627551246,9190034402,10673164437,11165403703,10801154634,12338542741
Monaco,,,,,,,,,,,,
Mongolia,5062661693,7155778898,9384594675,10049588534,9346995981,8571900022,8181126142,7536478498,9234410092,10178934512,9780515513,9347566300
Montenegro,3615482734,4063577457,3653567642,3990859377,4056323375,3658614396,3837643290,4374226784,4874829510,4900759293,4242809122,5252776809
Morocco,82223839777,89130533760,87104305169,95548098254,1.05518E+11,98139484500,99320509536,1.05481E+11,1.13404E+11,1.14852E+11,1.08024E+11,1.26526E+11
Mozambique,9277390652,11969565034,13639551231,13988127906,14405275136,12715387659,9463188948,10182496900,11649294792,11806791078,10628073217,11748409339
Myanmar,32846335722,47798927830,51825261831,53708762703,54415644648,54727138207,52419648600,53398298667,59124872462,60536662069,69622967005,56036281288
Namibia,9390942403,10371885906,10942101123,10561937946,10830046073,9892831526,9091968517,10988397671,11589281710,10683225805,9099606688,10168489776
Nauru,,,,,,,,,,,,
Nepal,15340231214,20555291190,20770561653,21201525210,21952541177,23150029935,23058005657,27458827145,31183733041,32139895214,31421276198,33841986562
Netherlands,6.89291E+11,7.42067E+11,6.79032E+11,7.12496E+11,7.26175E+11,6.26769E+11,6.33019E+11,6.85308E+11,7.57158E+11,7.40742E+11,7.20225E+11,8.13879E+11
New Caledonia,,,,,,,,,,,,
New Zealand,1.16166E+11,1.35003E+11,1.423E+11,1.55861E+11,1.64078E+11,1.46131E+11,1.55711E+11,1.69868E+11,1.72109E+11,1.76367E+11,1.75799E+11,2.07101E+11
Nicaragua,7729337401,8549272797,9110334739,9423835485,10404076679,11174210329,11504908947,11916954744,11286468901,11108606151,10689526410,11611573902
Niger,8196842544,9170109298,9524128672,10214881102,10864667207,9860806999,10381389644,11137135734,13042169978,12983870918,12632406101,14510811838
Nigeria,2.93432E+11,3.23487E+11,3.71531E+11,4.2372E+11,4.8359E+11,4.27298E+11,3.54206E+11,3.21489E+11,3.48409E+11,3.75139E+11,3.63361E+11,3.63312E+11
North Macedonia,7297416135,8241665635,7580941181,8526422528,9017498360,7950976174,8404700872,9045313211,10054735758,9927186726,9885678163,11015539375
Northern Mariana Islands,,,,,,,,,,,,
Norway,3.38819E+11,3.85312E+11,3.97507E+11,4.12849E+11,4.0167E+11,3.17757E+11,3.0609E+11,3.25972E+11,3.5318E+11,3.24345E+11,2.90222E+11,3.78328E+11
Oman,35677488139,38236352519,45465025430,48156584313,50531647043,51311067027,50684475111,53061502389,61210911185,59074357920,54445023707,56515483862
Pakistan,1.61091E+11,1.96247E+11,2.0613E+11,2.13156E+11,2.26182E+11,2.51937E+11,2.92508E+11,3.16585E+11,3.31564E+11,2.98462E+11,2.79591E+11,3.26464E+11
Palau,,,,,,,,,,,,
Panama,25421213995,30811065356,35559306951,40214085486,42846236178,47414115416,50088703129,54241266331,55055132794,56472425763,46755627626,51479784106
Papua New Guinea,9592477405,12112819866,16795014154,16734420326,19093098796,17539612761,16991954426,18227358088,19255880963,19309314573,19538494315,18341899499
Paraguay,22917124911,28785379968,28116646134,33153449793,35311098984,31841843065,31926224463,34829795498,35889215057,33840040283,31353709366,35184118794
Peru,1.21189E+11,1.39512E+11,1.5985E+11,1.70277E+11,1.71874E+11,1.64297E+11,1.6245E+11,1.75604E+11,1.83694E+11,1.9578E+11,1.73421E+11,1.70492E+11
Philippines,2.06136E+11,2.30737E+11,2.62568E+11,2.87332E+11,2.99541E+11,3.11491E+11,3.23896E+11,3.33702E+11,3.50372E+11,3.75755E+11,3.50838E+11,3.61504E+11
Poland,4.00178E+11,4.40249E+11,4.18875E+11,4.35406E+11,4.54514E+11,4.03153E+11,3.95104E+11,4.40873E+11,4.9558E+11,5.02711E+11,5.05329E+11,5.69915E+11
Portugal,1.89704E+11,1.97812E+11,1.72174E+11,1.83928E+11,1.84942E+11,1.59627E+11,1.65809E+11,1.77819E+11,1.93659E+11,1.91199E+11,1.79901E+11,2.00175E+11
Puerto Rico,,,,,,,,,,,,
Qatar,76789644297,1.03226E+11,1.18906E+11,1.31786E+11,1.42482E+11,1.20141E+11,1.15702E+11,1.22517E+11,1.33381E+11,1.28532E+11,1.06757E+11,1.29445E+11
Romania,1.36666E+11,1.51794E+11,1.40747E+11,1.49857E+11,1.59985E+11,1.42884E+11,1.48533E+11,1.69615E+11,1.95265E+11,2.0394E+11,2.08103E+11,2.33181E+11
Russian Federation,1.21992E+12,1.62386E+12,1.75197E+12,1.80641E+12,1.61208E+12,1.08389E+12,1.01459E+12,1.2407E+12,1.28126E+12,1.30611E+12,1.19356E+12,1.3239E+12
Rwanda,5020477758,5627671313,6215412417,6305084646,6609315654,6950737986,7006635238,7342473063,7743683362,8375800501,8275811726,8997489878
Samoa,597791302.6,650675205,681786053.8,703397165.2,697008747.2,732622037.8,749022895.4,781055843,776983684.6,802205352,764279668.6,756550038.5
San Marino,,,,,,,,,,,,
Sao Tome and Principe,179650661.7,216046386.1,227210082,187936536,252421424.3,183054802.4,227148144.5,265731945.3,300976439.8,316807906.2,369456756,426049350.5
Saudi Arabia,4.30666E+11,5.2405E+11,5.73184E+11,5.82966E+11,5.99086E+11,5.29731E+11,5.36121E+11,5.68764E+11,6.70841E+11,6.66881E+11,5.94398E+11,
Senegal,14339035934,15586284232,15321593740,16449301327,17245451502,15503087530,16551134293,18404630535,20196827765,20296897126,21283050736,23712074300
Serbia,34805712687,39590640930,35127491040,39658299596,38695720368,32529189658,33028807360,35288389718,40979555733,41260282499,43818210166,50790254321
Seychelles,812404849.8,868403593.2,875995695.6,1102533984,1132657343,1155276355,1189645617,1261706748,1338051824,1402402857,1055789917,1216133029
Sierra Leone,2237782095,2480971832,3423910967,4335850729,4296266934,3571359705,2682110684,3044179637,3304164056,3548194135,3463442966,3449813486
Singapore,2.04484E+11,2.31597E+11,2.40709E+11,2.46827E+11,2.58486E+11,2.39432E+11,2.49606E+11,2.64946E+11,2.70692E+11,2.63599E+11,2.32325E+11,2.76441E+11
Sint Maarten (Dutch part),,,,,,,,,,,,
Slovak Republic,72674385063,78696197512,76350742253,80562431640,82514301615,71566116397,72101649694,77501395416,86557273960,85375444091,86659509832,94707685029
Slovenia,37901850916,40461299931,35958281524,37458819963,39072328486,32810818836,34571099506,38218334453,43089724467,43437488661,42775346262,49526101070
Solomon Islands,775140217.8,870355030.5,994282594.2,1169175419,1203350923,1178042357,1226274111,1313702711,1457210983,1467036933,1437751517,1505399373
Somalia,,,,3419849257,3733787361,3925747293,4033585271,4134581303,4723036573,5296090058,5539399205,6155445283
South Africa,3.37741E+11,3.67432E+11,3.50324E+11,3.2201E+11,3.09056E+11,2.86513E+11,2.64151E+11,3.11854E+11,3.2915E+11,3.16519E+11,2.73914E+11,3.39553E+11
South Sudan,,3068090192,10421618352,15145557127,8927272471,8655235712,,,,,,
Spain,1.18707E+12,1.22525E+12,1.10226E+12,1.13039E+12,1.14809E+12,1.00862E+12,1.04541E+12,1.1124E+12,1.20699E+12,1.1843E+12,1.05728E+12,1.19101E+12
Sri Lanka,54408057930,62684111325,64600135304,69880527350,74624464525,77120577631,79670269197,85121595617,85294116836,80057332389,76513221048,80018415420
St. Kitts and Nevis,,,,,,,,,,,,
St. Lucia,1219395050,1334842486,1310493043,1283388999,1365613966,1324575105,1419675224,1501396916,1618635196,1625946753,1246308828,1366615022
St. Martin (French part),,,,,,,,,,,,
St. Vincent and the Grenadines,605542890.1,581076000.1,595188341.3,624998655.9,607281265.7,647038947.4,676574176.9,704672569.7,738951949.1,752856023.9,723205785.2,749251352.2
Sudan,,59920693438,54296648798,55536789622,69120396423,76066047562,92667786152,1.14709E+11,27747607132,27327201501,22706140261,28763839535
Suriname,3006908029,2502094727,2998018111,3500942731,3897502195,4212584420,2311942541,2145542435,2789880133,2876593588,1933016759,1935667027
Sweden,4.23787E+11,4.88078E+11,4.70537E+11,5.0008E+11,4.95514E+11,4.25025E+11,4.32748E+11,4.59033E+11,4.70799E+11,4.58008E+11,4.69239E+11,5.39858E+11
Switzerland,4.94464E+11,5.59017E+11,5.47937E+11,5.61778E+11,5.65016E+11,5.49516E+11,5.33121E+11,5.33068E+11,5.38181E+11,5.36713E+11,5.43958E+11,6.06112E+11
Syrian Arab Republic,2.17911E+11,50128321751,34274026058,17313410633,18267655190,14164850310,11188892697,14690012611,19283835785,20462312512,10089108768,
Tajikistan,5875607868,6911022062,8288569242,9210747944,9853208338,8901359504,7470805604,8152614086,8188239803,8491672143,8294658056,9055722664
Tanzania,25672665820,26727541914,28964239475,35353915641,40084310796,39194492138,41504598991,45203555661,49866836754,54736149745,55510232274,59188718347
Thailand,2.70202E+11,2.96588E+11,3.07802E+11,3.17456E+11,3.09976E+11,3.06808E+11,3.19338E+11,3.53848E+11,3.89678E+11,4.24075E+11,3.89836E+11,3.86827E+11
Timor-Leste,,,,,,1616381802,1495162221,1554530766,1305192008,1830151356,1592846197,564159462.3
Togo,2858218910,3239207257,2881738605,3462997011,3799715491,3655283022,5260457102,5584433213,6393803054,6515480813,6814681944,7389560188
Tonga,346380982.2,389418076.8,442292423.1,422321448.3,404730704.2,401993440,385106823,436558184.8,475450936.3,508215581.9,481139163.9,451921466.1
Trinidad and Tobago,15391908517,14457056019,16101426296,18463559179,21123800416,22203894537,19093348522,19697074402,18687632926,18445359300,16940185488,20708680378
Tunisia,35252622413,36301606447,35459486780,37044581016,39815256231,37747016889,37022752856,35201216098,35908744785,35561290546,35717029685,39584781007
Turkiye,6.51354E+11,7.07703E+11,7.4392E+11,8.12129E+11,7.92603E+11,7.26984E+11,7.28848E+11,7.16487E+11,6.56435E+11,6.29381E+11,6.00186E+11,
Turkmenistan,14913379818,17403035681,,,,,,,29204779058,34053813932,,
Turks and Caicos Islands,,,,,766639557.7,855089097.5,937942499.9,907482093.5,971360386.1,1038275837,789508666.8,849820404.5
Tuvalu,,,,,,,,,,,,
Uganda,21154289175,21337761379,19524567672,21012756471,24313200068,24691892718,22072752769,23668637950,25465256083,26867153494,28297174912,30031521812
Ukraine,1.13182E+11,1.34802E+11,1.55028E+11,1.60263E+11,1.14009E+11,82933027873,81506683250,99432791111,1.15101E+11,1.35932E+11,1.3847E+11,1.63914E+11
United Arab Emirates,2.58409E+11,3.08583E+11,3.39771E+11,3.55398E+11,3.70853E+11,3.39167E+11,3.40753E+11,3.59565E+11,3.8648E+11,3.7968E+11,3.18727E+11,
United Kingdom,2.10714E+12,2.26169E+12,2.26259E+12,2.31413E+12,2.55432E+12,2.43802E+12,2.23764E+12,2.25035E+12,2.3974E+12,,,
United States,1.27221E+13,1.32964E+13,1.40494E+13,1.44487E+13,1.51658E+13,1.57412E+13,1.60128E+13,1.67347E+13,1.76029E+13,1.82618E+13,1.78601E+13,1.9593E+13
Uruguay,37529747665,44503992103,44924232764,51418560441,50381478533,47804269389,51033428050,56662079899,56354808943,54062376813,46847647419,49994553832
Uzbekistan,40919563274,48052039161,54032504087,59539164361,67674861751,74303403461,73792830153,52546736512,42195515525,48564113124,47785347371,49922061226
Vanuatu,588485884.2,682804042.6,645007349.8,697558736.8,721210850.3,683379604.8,733375350.4,805578162.1,864311748.4,938177823.8,910108148.9,966468684.9
"Venezuela, RB",3.17588E+11,2.44201E+11,2.9036E+11,2.76274E+11,3.54707E+11,,,,,,,
Viet Nam,1.15332E+11,1.35102E+11,1.54478E+11,1.71083E+11,1.881E+11,1.93013E+11,2.0712E+11,2.2611E+11,2.51444E+11,2.70987E+11,2.84266E+11,2.96055E+11
Virgin Islands (U.S.),,,,,,,,,,,,
West Bank and Gaza,,,,,,,,,,,,
"Yemen, Rep.",22931474395,24534799564,28996204124,34363835425,36725091501,38965340069,29768358959,25500125317,20503641226,,,
Zambia,13772324295,16884784695,19827787800,21467318410,21644387557,17062740007,16575472568,19697988844,20382855807,18571141529,13216267874,11969103805
Zimbabwe,9372241950,10408194389,12963740083,15166271749,14990515740,15403238924,15640355814,13388596245,29812469439,18704431730,18195165639,23546536254
Africa Eastern and Southern,6.471E+11,7.20717E+11,7.42075E+11,7.53605E+11,7.84046E+11,7.41909E+11,7.19714E+11,8.30871E+11,8.16775E+11,8.19717E+11,7.62566E+11,8.66315E+11
Africa Western and Central,4.55522E+11,5.04091E+11,5.59242E+11,6.5049E+11,7.31443E+11,6.49626E+11,5.86751E+11,5.67397E+11,6.2524E+11,6.5435E+11,6.52269E+11,6.77103E+11
Arab World,1.89145E+12,1.99115E+12,2.20572E+12,2.27408E+12,2.35012E+12,2.14115E+12,2.15486E+12,2.20107E+12,2.32269E+12,2.35527E+12,2.1451E+12,
Caribbean small states,24744686071,24419374582,26209982494,26864148377,28026632659,29317895263,27416377425,28604812126,29839274885,31397054986,25618183559,28187072928
Central Europe and the Baltics,1.05231E+12,1.15468E+12,1.08788E+12,1.13957E+12,1.17904E+12,1.0421E+12,1.06059E+12,1.184E+12,1.33767E+12,1.36183E+12,1.3546E+12,1.54192E+12
Early-demographic dividend,7.31382E+12,7.96745E+12,8.33488E+12,8.47508E+12,8.80768E+12,8.57571E+12,8.87659E+12,9.5583E+12,9.58192E+12,9.80488E+12,9.15121E+12,1.04399E+13
East Asia & Pacific,1.32577E+13,1.51682E+13,1.64635E+13,1.65463E+13,1.71022E+13,1.70214E+13,1.76732E+13,1.88866E+13,2.02785E+13,2.0618E+13,2.03762E+13,2.29538E+13
East Asia & Pacific (excluding high income),6.08315E+12,7.20122E+12,8.21889E+12,8.96634E+12,9.73321E+12,1.01204E+13,1.03722E+13,1.13611E+13,1.24671E+13,1.28426E+13,1.28386E+13,1.50721E+13
East Asia & Pacific (IDA & IBRD countries),6.07571E+12,7.19242E+12,8.20883E+12,8.95537E+12,9.72131E+12,1.0108E+13,1.03595E+13,1.13472E+13,1.24518E+13,1.28269E+13,1.28229E+13,1.50536E+13
Euro area,1.05204E+13,1.13585E+13,1.04942E+13,1.09638E+13,1.12312E+13,9.65676E+12,9.94354E+12,1.05356E+13,1.14105E+13,1.11248E+13,1.0624E+13,1.1958E+13
Europe & Central Asia,1.73582E+13,1.91736E+13,1.84342E+13,1.92578E+13,1.95464E+13,1.68492E+13,1.68092E+13,1.78304E+13,1.90548E+13,1.87419E+13,1.79824E+13,2.02882E+13
Europe & Central Asia (excluding high income),1.1216E+12,1.26123E+12,1.34621E+12,1.47899E+12,1.41954E+12,1.26003E+12,1.19941E+12,1.22006E+12,1.18645E+12,1.20302E+12,1.17089E+12,
Europe & Central Asia (IDA & IBRD countries),2.97019E+12,3.57854E+12,3.75256E+12,3.96756E+12,3.74334E+12,2.9714E+12,2.84275E+12,3.16832E+12,3.26779E+12,3.32758E+12,3.1857E+12,3.55573E+12
European Union,1.20403E+13,1.3043E+13,1.20928E+13,1.26471E+13,1.29533E+13,1.11642E+13,1.14786E+13,1.22144E+13,1.32469E+13,1.29627E+13,1.24752E+13,1.40672E+13
Fragile and conflict affected situations,1.44882E+12,1.30339E+12,1.49681E+12,1.56414E+12,1.67336E+12,1.40475E+12,1.32561E+12,1.38532E+12,1.42923E+12,1.49712E+12,1.41475E+12,1.44343E+12
Heavily indebted poor countries (HIPC),4.03624E+11,4.47265E+11,4.69288E+11,5.28705E+11,5.84028E+11,5.75089E+11,6.07855E+11,6.71561E+11,6.42506E+11,6.7063E+11,6.76105E+11,7.18282E+11
High income,3.90361E+13,4.2471E+13,4.2815E+13,4.33721E+13,4.42336E+13,4.1372E+13,4.20461E+13,4.42323E+13,4.68758E+13,4.72371E+13,4.55472E+13,5.02442E+13
IBRD only,1.59122E+13,1.8437E+13,1.97324E+13,2.07482E+13,2.15309E+13,2.03307E+13,2.04884E+13,2.26424E+13,2.36598E+13,2.41612E+13,2.30778E+13,2.67612E+13
IDA & IBRD total,1.73575E+13,1.98849E+13,2.12923E+13,2.24569E+13,2.34088E+13,2.22012E+13,2.24215E+13,2.46515E+13,2.57397E+13,2.63228E+13,2.52274E+13,2.90586E+13
IDA blend,5.87043E+11,6.67502E+11,7.482E+11,8.24575E+11,9.17067E+11,8.87483E+11,8.64395E+11,8.40128E+11,9.0351E+11,8.99783E+11,8.66676E+11,9.34666E+11
IDA only,8.76119E+11,7.80566E+11,8.11521E+11,8.84357E+11,9.61428E+11,9.81362E+11,1.06794E+12,1.16925E+12,1.17619E+12,1.26339E+12,1.28611E+12,1.36829E+12
IDA total,1.45456E+12,1.44766E+12,1.55958E+12,1.70883E+12,1.87845E+12,1.86864E+12,1.93122E+12,2.00721E+12,2.07804E+12,2.16005E+12,2.14867E+12,2.29888E+12
Late-demographic dividend,1.04897E+13,1.24765E+13,1.34956E+13,1.4493E+13,1.51207E+13,1.41516E+13,1.41935E+13,1.58076E+13,1.70312E+13,1.73211E+13,1.67454E+13,1.95068E+13
Latin America & Caribbean,4.22682E+12,4.72695E+12,4.74484E+12,4.90759E+12,5.01013E+12,4.26759E+12,4.14198E+12,4.62796E+12,4.46606E+12,4.41844E+12,3.72178E+12,4.16497E+12
Latin America & Caribbean (excluding high income),3.58871E+12,4.1236E+12,4.06303E+12,4.21099E+12,4.24115E+12,3.66243E+12,3.54201E+12,3.97052E+12,3.80828E+12,3.77079E+12,3.17184E+12,3.54545E+12
Latin America & the Caribbean (IDA & IBRD countries),4.10522E+12,4.58995E+12,4.6031E+12,4.75997E+12,4.85748E+12,4.11787E+12,3.99017E+12,4.46426E+12,4.30194E+12,4.25059E+12,3.5819E+12,4.00813E+12
Least developed countries: UN classification,5.3675E+11,6.25845E+11,6.7654E+11,7.46576E+11,8.16227E+11,8.14626E+11,8.61739E+11,9.54298E+11,9.44261E+11,1.0279E+12,1.0544E+12,1.12151E+12
Low & middle income,1.50122E+13,1.7125E+13,1.83706E+13,1.94439E+13,2.04941E+13,2.00491E+13,2.03371E+13,2.22239E+13,2.31639E+13,2.37103E+13,2.27809E+13,2.63147E+13
Low income,5.17212E+11,3.18818E+11,3.22078E+11,3.29661E+11,3.58985E+11,3.6553E+11,3.75043E+11,4.18897E+11,3.5428E+11,3.80055E+11,3.7306E+11,3.83358E+11
Lower middle income,3.18465E+12,3.53041E+12,3.75462E+12,4.00143E+12,4.38288E+12,4.45692E+12,4.66499E+12,4.99086E+12,5.22283E+12,5.48369E+12,5.31723E+12,5.92967E+12
Middle East & North Africa,2.43852E+12,2.67661E+12,2.89459E+12,2.86056E+12,2.91277E+12,2.64377E+12,2.70325E+12,2.77457E+12,2.8503E+12,2.87828E+12,2.64536E+12,
Middle East & North Africa (excluding high income),1.31363E+12,1.32519E+12,1.42695E+12,1.31326E+12,1.30685E+12,1.21004E+12,1.25231E+12,1.21198E+12,1.11006E+12,1.13484E+12,1.07255E+12,1.21363E+12
Middle East & North Africa (IDA & IBRD countries),1.29949E+12,1.31092E+12,1.41159E+12,1.29912E+12,1.29277E+12,1.19701E+12,1.23882E+12,1.19893E+12,1.09811E+12,1.12262E+12,1.06101E+12,1.20056E+12
Middle income,1.45569E+13,1.68091E+13,1.80505E+13,1.91158E+13,2.01372E+13,1.96863E+13,1.99651E+13,2.1809E+13,2.28081E+13,2.33309E+13,2.24094E+13,2.59272E+13
North America,1.4042E+13,1.47648E+13,1.5548E+13,1.59644E+13,1.66456E+13,1.70095E+13,1.72578E+13,1.80894E+13,1.90116E+13,1.96898E+13,1.91956E+13,2.12056E+13
Not classified,,,,,,,,,,,,
OECD members,3.7304E+13,4.01623E+13,4.03358E+13,4.08897E+13,4.18977E+13,3.96113E+13,4.02359E+13,4.20845E+13,4.44253E+13,4.4776E+13,4.32305E+13,4.76757E+13
Other small states,1.05825E+11,1.1799E+11,1.21172E+11,1.27836E+11,1.31526E+11,1.22407E+11,1.29347E+11,1.43388E+11,1.52815E+11,1.55112E+11,1.40195E+11,1.57277E+11
Pacific island small states,6045785594,6863556256,7267632765,7863376109,8348458285,8139785880,8488225494,9051758821,9584125003,9595218033,8644292731,8606767545
Post-demographic dividend,3.53107E+13,3.79922E+13,3.81276E+13,3.84826E+13,3.93896E+13,3.7334E+13,3.80319E+13,3.97584E+13,4.20455E+13,4.2389E+13,4.10662E+13,4.5208E+13
Pre-demographic dividend,7.83303E+11,8.96853E+11,1.00884E+12,1.12757E+12,1.24195E+12,1.09786E+12,1.01888E+12,1.06284E+12,1.08061E+12,1.13546E+12,1.08288E+12,1.13557E+12
Small states,1.36774E+11,1.49206E+11,1.54583E+11,1.62496E+11,1.67835E+11,1.59805E+11,1.6523E+11,1.81043E+11,1.92243E+11,1.96096E+11,1.74483E+11,1.93796E+11
South Asia,1.81188E+12,1.99622E+12,2.02223E+12,2.07848E+12,2.28212E+12,2.40525E+12,2.66309E+12,3.05664E+12,3.14045E+12,3.27502E+12,3.09192E+12,3.58808E+12
South Asia (IDA & IBRD),1.81188E+12,1.99622E+12,2.02223E+12,2.07848E+12,2.28212E+12,2.40525E+12,2.66309E+12,3.05664E+12,3.14045E+12,3.27502E+12,3.09192E+12,3.58808E+12
Sub-Saharan Africa,1.1024E+12,1.22438E+12,1.30102E+12,1.40409E+12,1.51555E+12,1.39154E+12,1.30615E+12,1.39708E+12,1.44135E+12,1.4736E+12,1.41473E+12,1.54282E+12
Sub-Saharan Africa (excluding high income),1.10159E+12,1.22351E+12,1.30014E+12,1.40299E+12,1.51442E+12,1.39039E+12,1.30496E+12,1.39582E+12,1.44001E+12,1.4722E+12,1.41367E+12,1.5416E+12
Sub-Saharan Africa (IDA & IBRD countries),1.1024E+12,1.22438E+12,1.30102E+12,1.40409E+12,1.51555E+12,1.39154E+12,1.30615E+12,1.39708E+12,1.44135E+12,1.4736E+12,1.41473E+12,1.54282E+12
Upper middle income,1.13726E+13,1.32787E+13,1.42959E+13,1.51144E+13,1.57545E+13,1.52298E+13,1.53007E+13,1.68186E+13,1.75858E+13,1.78481E+13,1.70928E+13,2.00074E+13
World,5.43226E+13,5.97991E+13,6.14476E+13,6.30728E+13,6.50711E+13,6.16316E+13,6.25967E+13,6.66929E+13,7.02848E+13,7.12134E+13,6.85804E+13,7.68925E+13